galaxy_id_x,r_kpc,delta_v2_kms2,missing_acceleration_proxy,sign_flag,d_delta_v2_dr_kms2_per_kpc,smoothness_proxy_d2_delta_v2_dr2,residual_spike_flag,source_id_x,data_quality_flag_x,notes_x,v_obs_kms,v_err_kms,v_bar_kms,galaxy_id_y,source_id_y,data_quality_flag_y,notes_y,delta_v2_sign_flag,tau_gradient_raw,tau_raw,v_tau_squared_reconstructed,v_tau_kms,v_tdf_direct_kms,reconstruction_error_kms,gradient_spike_flag,k_tau_used,tau0_used
M33,0.24,1118.9810317994602,4662.420965831085,positive,-10164.358302502504,50791.073952654304,True,corbelli_et_al_2014,derived_baryonic_velocity_pass_with_caveat,Observed rotation from Corbelli et al. 2014 Table 1. Baryonic velocity components derived from Table 1 surface densities using Phase 1D-D1 axisymmetric disk-gravity calculation. Fig. 12 corrected sanity check status: PASS_WITH_CAVEAT; stellar disk offset ~7-10 km/s at some spot-check radii. Fig. 12 digitization is not used as canonical data. Bulge set to zero following Corbelli et al. 2014 no-separate-bulge treatment.,37.3,6.2,16.50178681841877,M33,corbelli_et_al_2014,derived_baryonic_velocity_pass_with_caveat,Observed rotation from Corbelli et al. 2014 Table 1. Baryonic velocity components derived from Table 1 surface densities using Phase 1D-D1 axisymmetric disk-gravity calculation. Fig. 12 corrected sanity check status: PASS_WITH_CAVEAT; stellar disk offset ~7-10 km/s at some spot-check radii. Fig. 12 digitization is not used as canonical data. Bulge set to zero following Corbelli et al. 2014 no-separate-bulge treatment.,positive,4662.420965831085,0.0,1118.9810317994602,33.45117384785563,37.29999999999999,-7.105427357601002e-15,True,1.0,0.0
M33,0.28,712.4066996993596,2544.3096417834267,positive,-8132.715344396332,51712.936828270846,True,corbelli_et_al_2014,derived_baryonic_velocity_pass_with_caveat,Observed rotation from Corbelli et al. 2014 Table 1. Baryonic velocity components derived from Table 1 surface densities using Phase 1D-D1 axisymmetric disk-gravity calculation. Fig. 12 corrected sanity check status: PASS_WITH_CAVEAT; stellar disk offset ~7-10 km/s at some spot-check radii. Fig. 12 digitization is not used as canonical data. Bulge set to zero following Corbelli et al. 2014 no-separate-bulge treatment.,37.9,5.5,26.9073094214312,M33,corbelli_et_al_2014,derived_baryonic_velocity_pass_with_caveat,Observed rotation from Corbelli et al. 2014 Table 1. Baryonic velocity components derived from Table 1 surface densities using Phase 1D-D1 axisymmetric disk-gravity calculation. Fig. 12 corrected sanity check status: PASS_WITH_CAVEAT; stellar disk offset ~7-10 km/s at some spot-check radii. Fig. 12 digitization is not used as canonical data. Bulge set to zero following Corbelli et al. 2014 no-separate-bulge treatment.,positive,2544.3096417834267,144.13461215229034,712.4066996993596,26.690947898105073,37.9,0.0,True,1.0,0.0
M33,0.46,894.1487337740182,1943.801595160909,positive,1922.322213941823,26871.91841352493,False,corbelli_et_al_2014,derived_baryonic_velocity_pass_with_caveat,Observed rotation from Corbelli et al. 2014 Table 1. Baryonic velocity components derived from Table 1 surface densities using Phase 1D-D1 axisymmetric disk-gravity calculation. Fig. 12 corrected sanity check status: PASS_WITH_CAVEAT; stellar disk offset ~7-10 km/s at some spot-check radii. Fig. 12 digitization is not used as canonical data. Bulge set to zero following Corbelli et al. 2014 no-separate-bulge treatment.,47.1,3.9,36.3904007428605,M33,corbelli_et_al_2014,derived_baryonic_velocity_pass_with_caveat,Observed rotation from Corbelli et al. 2014 Table 1. Baryonic velocity components derived from Table 1 surface densities using Phase 1D-D1 axisymmetric disk-gravity calculation. Fig. 12 corrected sanity check status: PASS_WITH_CAVEAT; stellar disk offset ~7-10 km/s at some spot-check radii. Fig. 12 digitization is not used as canonical data. Bulge set to zero following Corbelli et al. 2014 no-separate-bulge treatment.,positive,1943.801595160909,548.0646234772805,894.1487337740182,29.902319872779405,47.1,0.0,False,1.0,0.0
M33,0.64,1404.4426967184158,2194.4417136225247,positive,1541.1752844726434,531.9228268541428,False,corbelli_et_al_2014,derived_baryonic_velocity_pass_with_caveat,Observed rotation from Corbelli et al. 2014 Table 1. Baryonic velocity components derived from Table 1 surface densities using Phase 1D-D1 axisymmetric disk-gravity calculation. Fig. 12 corrected sanity check status: PASS_WITH_CAVEAT; stellar disk offset ~7-10 km/s at some spot-check radii. Fig. 12 digitization is not used as canonical data. Bulge set to zero following Corbelli et al. 2014 no-separate-bulge treatment.,53.5,2.8,38.18124282002334,M33,corbelli_et_al_2014,derived_baryonic_velocity_pass_with_caveat,Observed rotation from Corbelli et al. 2014 Table 1. Baryonic velocity components derived from Table 1 surface densities using Phase 1D-D1 axisymmetric disk-gravity calculation. Fig. 12 corrected sanity check status: PASS_WITH_CAVEAT; stellar disk offset ~7-10 km/s at some spot-check radii. Fig. 12 digitization is not used as canonical data. Bulge set to zero following Corbelli et al. 2014 no-separate-bulge treatment.,positive,2194.4417136225247,920.5065212677896,1404.4426967184158,37.475894875485174,53.5,0.0,False,1.0,0.0
M33,0.73,1484.9278693861231,2034.1477662823604,positive,1708.2715984652475,2944.41157503425,False,corbelli_et_al_2014,derived_baryonic_velocity_pass_with_caveat,Observed rotation from Corbelli et al. 2014 Table 1. Baryonic velocity components derived from Table 1 surface densities using Phase 1D-D1 axisymmetric disk-gravity calculation. Fig. 12 corrected sanity check status: PASS_WITH_CAVEAT; stellar disk offset ~7-10 km/s at some spot-check radii. Fig. 12 digitization is not used as canonical data. Bulge set to zero following Corbelli et al. 2014 no-separate-bulge treatment.,55.1,3.3,39.383780044757984,M33,corbelli_et_al_2014,derived_baryonic_velocity_pass_with_caveat,Observed rotation from Corbelli et al. 2014 Table 1. Baryonic velocity components derived from Table 1 surface densities using Phase 1D-D1 axisymmetric disk-gravity calculation. Fig. 12 corrected sanity check status: PASS_WITH_CAVEAT; stellar disk offset ~7-10 km/s at some spot-check radii. Fig. 12 digitization is not used as canonical data. Bulge set to zero following Corbelli et al. 2014 no-separate-bulge treatment.,positive,2034.1477662823604,1110.7930478635094,1484.9278693861231,38.53476183118462,55.1,0.0,False,1.0,0.0
M33,0.82,1711.9315844421603,2087.721444441659,positive,2071.169367978808,3210.565773587058,False,corbelli_et_al_2014,derived_baryonic_velocity_pass_with_caveat,Observed rotation from Corbelli et al. 2014 Table 1. Baryonic velocity components derived from Table 1 surface densities using Phase 1D-D1 axisymmetric disk-gravity calculation. Fig. 12 corrected sanity check status: PASS_WITH_CAVEAT; stellar disk offset ~7-10 km/s at some spot-check radii. Fig. 12 digitization is not used as canonical data. Bulge set to zero following Corbelli et al. 2014 no-separate-bulge treatment.,58.5,2.5,41.35599612580792,M33,corbelli_et_al_2014,derived_baryonic_velocity_pass_with_caveat,Observed rotation from Corbelli et al. 2014 Table 1. Baryonic velocity components derived from Table 1 surface densities using Phase 1D-D1 axisymmetric disk-gravity calculation. Fig. 12 corrected sanity check status: PASS_WITH_CAVEAT; stellar disk offset ~7-10 km/s at some spot-check radii. Fig. 12 digitization is not used as canonical data. Bulge set to zero following Corbelli et al. 2014 no-separate-bulge treatment.,positive,2087.721444441659,1296.2771623460903,1711.9315844421603,41.37549497519227,58.5,0.0,False,1.0,0.0
M33,1.08,1911.613804930841,1770.012782343371,positive,2288.779795949342,888.6048694845795,False,corbelli_et_al_2014,derived_baryonic_velocity_pass_with_caveat,Observed rotation from Corbelli et al. 2014 Table 1. Baryonic velocity components derived from Table 1 surface densities using Phase 1D-D1 axisymmetric disk-gravity calculation. Fig. 12 corrected sanity check status: PASS_WITH_CAVEAT; stellar disk offset ~7-10 km/s at some spot-check radii. Fig. 12 digitization is not used as canonical data. Bulge set to zero following Corbelli et al. 2014 no-separate-bulge treatment.,66.2,3.3,49.707405837250846,M33,corbelli_et_al_2014,derived_baryonic_velocity_pass_with_caveat,Observed rotation from Corbelli et al. 2014 Table 1. Baryonic velocity components derived from Table 1 surface densities using Phase 1D-D1 axisymmetric disk-gravity calculation. Fig. 12 corrected sanity check status: PASS_WITH_CAVEAT; stellar disk offset ~7-10 km/s at some spot-check radii. Fig. 12 digitization is not used as canonical data. Bulge set to zero following Corbelli et al. 2014 no-separate-bulge treatment.,positive,1770.0127823433713,1797.7826118281446,1911.613804930841,43.722005957307594,66.2,0.0,False,1.0,0.0
M33,1.22,2346.685732555756,1923.512895537505,positive,2417.077466237404,1368.9875475688657,False,corbelli_et_al_2014,derived_baryonic_velocity_pass_with_caveat,Observed rotation from Corbelli et al. 2014 Table 1. Baryonic velocity components derived from Table 1 surface densities using Phase 1D-D1 axisymmetric disk-gravity calculation. Fig. 12 corrected sanity check status: PASS_WITH_CAVEAT; stellar disk offset ~7-10 km/s at some spot-check radii. Fig. 12 digitization is not used as canonical data. Bulge set to zero following Corbelli et al. 2014 no-separate-bulge treatment.,69.4,2.8,49.69581740392489,M33,corbelli_et_al_2014,derived_baryonic_velocity_pass_with_caveat,Observed rotation from Corbelli et al. 2014 Table 1. Baryonic velocity components derived from Table 1 surface densities using Phase 1D-D1 axisymmetric disk-gravity calculation. Fig. 12 corrected sanity check status: PASS_WITH_CAVEAT; stellar disk offset ~7-10 km/s at some spot-check radii. Fig. 12 digitization is not used as canonical data. Bulge set to zero following Corbelli et al. 2014 no-separate-bulge treatment.,positive,1923.512895537505,2056.329409279806,2346.685732555756,48.442602454407385,69.4,0.0,False,1.0,0.0
M33,1.45,2641.6732816064905,1821.8436424872348,positive,1238.6558131775064,1053.3760711808982,False,corbelli_et_al_2014,derived_baryonic_velocity_pass_with_caveat,Observed rotation from Corbelli et al. 2014 Table 1. Baryonic velocity components derived from Table 1 surface densities using Phase 1D-D1 axisymmetric disk-gravity calculation. Fig. 12 corrected sanity check status: PASS_WITH_CAVEAT; stellar disk offset ~7-10 km/s at some spot-check radii. Fig. 12 digitization is not used as canonical data. Bulge set to zero following Corbelli et al. 2014 no-separate-bulge treatment.,74.6,5.0,54.06927702858166,M33,corbelli_et_al_2014,derived_baryonic_velocity_pass_with_caveat,Observed rotation from Corbelli et al. 2014 Table 1. Baryonic velocity components derived from Table 1 surface densities using Phase 1D-D1 axisymmetric disk-gravity calculation. Fig. 12 corrected sanity check status: PASS_WITH_CAVEAT; stellar disk offset ~7-10 km/s at some spot-check radii. Fig. 12 digitization is not used as canonical data. Bulge set to zero following Corbelli et al. 2014 no-separate-bulge treatment.,positive,1821.8436424872348,2487.045411152651,2641.6732816064905,51.39721083489347,74.6,0.0,False,1.0,0.0
M33,1.71,2950.8213784287527,1725.626537092838,positive,2161.061826582165,2771.5726432853426,False,corbelli_et_al_2014,derived_baryonic_velocity_pass_with_caveat,Observed rotation from Corbelli et al. 2014 Table 1. Baryonic velocity components derived from Table 1 surface densities using Phase 1D-D1 axisymmetric disk-gravity calculation. Fig. 12 corrected sanity check status: PASS_WITH_CAVEAT; stellar disk offset ~7-10 km/s at some spot-check radii. Fig. 12 digitization is not used as canonical data. Bulge set to zero following Corbelli et al. 2014 no-separate-bulge treatment.,77.9,2.9,55.83537070326701,M33,corbelli_et_al_2014,derived_baryonic_velocity_pass_with_caveat,Observed rotation from Corbelli et al. 2014 Table 1. Baryonic velocity components derived from Table 1 surface densities using Phase 1D-D1 axisymmetric disk-gravity calculation. Fig. 12 corrected sanity check status: PASS_WITH_CAVEAT; stellar disk offset ~7-10 km/s at some spot-check radii. Fig. 12 digitization is not used as canonical data. Bulge set to zero following Corbelli et al. 2014 no-separate-bulge treatment.,positive,1725.626537092838,2948.2165344980604,2950.8213784287527,54.32146333106972,77.9,0.0,False,1.0,0.0
M33,1.87,3392.2989073546946,1814.0635868206923,positive,2528.0932360543875,4597.620128562015,False,corbelli_et_al_2014,derived_baryonic_velocity_pass_with_caveat,Observed rotation from Corbelli et al. 2014 Table 1. Baryonic velocity components derived from Table 1 surface densities using Phase 1D-D1 axisymmetric disk-gravity calculation. Fig. 12 corrected sanity check status: PASS_WITH_CAVEAT; stellar disk offset ~7-10 km/s at some spot-check radii. Fig. 12 digitization is not used as canonical data. Bulge set to zero following Corbelli et al. 2014 no-separate-bulge treatment.,81.7,2.5,57.29390100739611,M33,corbelli_et_al_2014,derived_baryonic_velocity_pass_with_caveat,Observed rotation from Corbelli et al. 2014 Table 1. Baryonic velocity components derived from Table 1 surface densities using Phase 1D-D1 axisymmetric disk-gravity calculation. Fig. 12 corrected sanity check status: PASS_WITH_CAVEAT; stellar disk offset ~7-10 km/s at some spot-check radii. Fig. 12 digitization is not used as canonical data. Bulge set to zero following Corbelli et al. 2014 no-separate-bulge treatment.,positive,1814.0635868206923,3231.391744411143,3392.2989073546946,58.24344518788955,81.7,0.0,False,1.0,0.0
M33,2.2,4069.2491145095423,1849.658688413428,positive,5613.245871782179,2076.103528218664,True,corbelli_et_al_2014,derived_baryonic_velocity_pass_with_caveat,Observed rotation from Corbelli et al. 2014 Table 1. Baryonic velocity components derived from Table 1 surface densities using Phase 1D-D1 axisymmetric disk-gravity calculation. Fig. 12 corrected sanity check status: PASS_WITH_CAVEAT; stellar disk offset ~7-10 km/s at some spot-check radii. Fig. 12 digitization is not used as canonical data. Bulge set to zero following Corbelli et al. 2014 no-separate-bulge treatment.,86.8,3.0,58.864173191258345,M33,corbelli_et_al_2014,derived_baryonic_velocity_pass_with_caveat,Observed rotation from Corbelli et al. 2014 Table 1. Baryonic velocity components derived from Table 1 surface densities using Phase 1D-D1 axisymmetric disk-gravity calculation. Fig. 12 corrected sanity check status: PASS_WITH_CAVEAT; stellar disk offset ~7-10 km/s at some spot-check radii. Fig. 12 digitization is not used as canonical data. Bulge set to zero following Corbelli et al. 2014 no-separate-bulge treatment.,positive,1849.658688413428,3835.9059198247733,4069.2491145095423,63.79066635887685,86.8,0.0,True,1.0,0.0
M33,2.28,4587.387700279782,2012.0121492455185,positive,5638.285061137378,5283.144850532771,True,corbelli_et_al_2014,derived_baryonic_velocity_pass_with_caveat,Observed rotation from Corbelli et al. 2014 Table 1. Baryonic velocity components derived from Table 1 surface densities using Phase 1D-D1 axisymmetric disk-gravity calculation. Fig. 12 corrected sanity check status: PASS_WITH_CAVEAT; stellar disk offset ~7-10 km/s at some spot-check radii. Fig. 12 digitization is not used as canonical data. Bulge set to zero following Corbelli et al. 2014 no-separate-bulge treatment.,90.1,2.1,59.41903987544916,M33,corbelli_et_al_2014,derived_baryonic_velocity_pass_with_caveat,Observed rotation from Corbelli et al. 2014 Table 1. Baryonic velocity components derived from Table 1 surface densities using Phase 1D-D1 axisymmetric disk-gravity calculation. Fig. 12 corrected sanity check status: PASS_WITH_CAVEAT; stellar disk offset ~7-10 km/s at some spot-check radii. Fig. 12 digitization is not used as canonical data. Bulge set to zero following Corbelli et al. 2014 no-separate-bulge treatment.,positive,2012.0121492455185,3990.3727533311303,4587.387700279782,67.73025690398481,90.1,0.0,True,1.0,0.0
M33,2.69,5137.2972681894935,1909.7759361299231,positive,18247.9126091302,1642.2385198133998,True,corbelli_et_al_2014,derived_baryonic_velocity_pass_with_caveat,Observed rotation from Corbelli et al. 2014 Table 1. Baryonic velocity components derived from Table 1 surface densities using Phase 1D-D1 axisymmetric disk-gravity calculation. Fig. 12 corrected sanity check status: PASS_WITH_CAVEAT; stellar disk offset ~7-10 km/s at some spot-check radii. Fig. 12 digitization is not used as canonical data. Bulge set to zero following Corbelli et al. 2014 no-separate-bulge treatment.,94.4,3.9,61.43340078337278,M33,corbelli_et_al_2014,derived_baryonic_velocity_pass_with_caveat,Observed rotation from Corbelli et al. 2014 Table 1. Baryonic velocity components derived from Table 1 surface densities using Phase 1D-D1 axisymmetric disk-gravity calculation. Fig. 12 corrected sanity check status: PASS_WITH_CAVEAT; stellar disk offset ~7-10 km/s at some spot-check radii. Fig. 12 digitization is not used as canonical data. Bulge set to zero following Corbelli et al. 2014 no-separate-bulge treatment.,positive,1909.7759361299234,4794.3393108330965,5137.2972681894935,71.67494170342584,94.4,0.0,True,1.0,0.0
M33,2.7,5323.899972271183,1971.8148045448825,positive,18257.234274664523,187.94808272749785,True,corbelli_et_al_2014,derived_baryonic_velocity_pass_with_caveat,Observed rotation from Corbelli et al. 2014 Table 1. Baryonic velocity components derived from Table 1 surface densities using Phase 1D-D1 axisymmetric disk-gravity calculation. Fig. 12 corrected sanity check status: PASS_WITH_CAVEAT; stellar disk offset ~7-10 km/s at some spot-check radii. Fig. 12 digitization is not used as canonical data. Bulge set to zero following Corbelli et al. 2014 no-separate-bulge treatment.,95.4,1.8,61.4594177301479,M33,corbelli_et_al_2014,derived_baryonic_velocity_pass_with_caveat,Observed rotation from Corbelli et al. 2014 Table 1. Baryonic velocity components derived from Table 1 surface densities using Phase 1D-D1 axisymmetric disk-gravity calculation. Fig. 12 corrected sanity check status: PASS_WITH_CAVEAT; stellar disk offset ~7-10 km/s at some spot-check radii. Fig. 12 digitization is not used as canonical data. Bulge set to zero following Corbelli et al. 2014 no-separate-bulge treatment.,positive,1971.8148045448825,4813.747264536471,5323.899972271183,72.96505994153081,95.4,0.0,True,1.0,0.0
M33,3.12,5882.3809726192085,1885.378516865131,positive,-1580.5261019337631,5191.170786752846,False,corbelli_et_al_2014,derived_baryonic_velocity_pass_with_caveat,Observed rotation from Corbelli et al. 2014 Table 1. Baryonic velocity components derived from Table 1 surface densities using Phase 1D-D1 axisymmetric disk-gravity calculation. Fig. 12 corrected sanity check status: PASS_WITH_CAVEAT; stellar disk offset ~7-10 km/s at some spot-check radii. Fig. 12 digitization is not used as canonical data. Bulge set to zero following Corbelli et al. 2014 no-separate-bulge treatment.,99.2,2.6,62.91469643398745,M33,corbelli_et_al_2014,derived_baryonic_velocity_pass_with_caveat,Observed rotation from Corbelli et al. 2014 Table 1. Baryonic velocity components derived from Table 1 surface densities using Phase 1D-D1 axisymmetric disk-gravity calculation. Fig. 12 corrected sanity check status: PASS_WITH_CAVEAT; stellar disk offset ~7-10 km/s at some spot-check radii. Fig. 12 digitization is not used as canonical data. Bulge set to zero following Corbelli et al. 2014 no-separate-bulge treatment.,positive,1885.378516865131,5623.757862032574,5882.3809726192085,76.69668162716826,99.2,0.0,False,1.0,0.0
M33,3.18,5762.604468479505,1812.1397699621084,positive,-1531.6398461560334,1482.1117421908407,False,corbelli_et_al_2014,derived_baryonic_velocity_pass_with_caveat,Observed rotation from Corbelli et al. 2014 Table 1. Baryonic velocity components derived from Table 1 surface densities using Phase 1D-D1 axisymmetric disk-gravity calculation. Fig. 12 corrected sanity check status: PASS_WITH_CAVEAT; stellar disk offset ~7-10 km/s at some spot-check radii. Fig. 12 digitization is not used as canonical data. Bulge set to zero following Corbelli et al. 2014 no-separate-bulge treatment.,98.7,2.0,63.079993116046666,M33,corbelli_et_al_2014,derived_baryonic_velocity_pass_with_caveat,Observed rotation from Corbelli et al. 2014 Table 1. Baryonic velocity components derived from Table 1 surface densities using Phase 1D-D1 axisymmetric disk-gravity calculation. Fig. 12 corrected sanity check status: PASS_WITH_CAVEAT; stellar disk offset ~7-10 km/s at some spot-check radii. Fig. 12 digitization is not used as canonical data. Bulge set to zero following Corbelli et al. 2014 no-separate-bulge treatment.,positive,1812.1397699621084,5734.683410637391,5762.604468479505,75.91182034755526,98.7,0.0,False,1.0,0.0
M33,3.53,6175.160768954588,1749.3373283157475,positive,349.58675592485815,1820.943393286816,False,corbelli_et_al_2014,derived_baryonic_velocity_pass_with_caveat,Observed rotation from Corbelli et al. 2014 Table 1. Baryonic velocity components derived from Table 1 surface densities using Phase 1D-D1 axisymmetric disk-gravity calculation. Fig. 12 corrected sanity check status: PASS_WITH_CAVEAT; stellar disk offset ~7-10 km/s at some spot-check radii. Fig. 12 digitization is not used as canonical data. Bulge set to zero following Corbelli et al. 2014 no-separate-bulge treatment.,101.3,2.4,63.92596679789372,M33,corbelli_et_al_2014,derived_baryonic_velocity_pass_with_caveat,Observed rotation from Corbelli et al. 2014 Table 1. Baryonic velocity components derived from Table 1 surface densities using Phase 1D-D1 axisymmetric disk-gravity calculation. Fig. 12 corrected sanity check status: PASS_WITH_CAVEAT; stellar disk offset ~7-10 km/s at some spot-check radii. Fig. 12 digitization is not used as canonical data. Bulge set to zero following Corbelli et al. 2014 no-separate-bulge treatment.,positive,1749.3373283157475,6357.941902836015,6175.160768954588,78.58219116921205,101.3,0.0,False,1.0,0.0
M33,3.66,6180.571163006587,1688.680645630215,positive,414.70246314295537,878.1890652331998,False,corbelli_et_al_2014,derived_baryonic_velocity_pass_with_caveat,Observed rotation from Corbelli et al. 2014 Table 1. Baryonic velocity components derived from Table 1 surface densities using Phase 1D-D1 axisymmetric disk-gravity calculation. Fig. 12 corrected sanity check status: PASS_WITH_CAVEAT; stellar disk offset ~7-10 km/s at some spot-check radii. Fig. 12 digitization is not used as canonical data. Bulge set to zero following Corbelli et al. 2014 no-separate-bulge treatment.,101.5,1.3,64.20030246808354,M33,corbelli_et_al_2014,derived_baryonic_velocity_pass_with_caveat,Observed rotation from Corbelli et al. 2014 Table 1. Baryonic velocity components derived from Table 1 surface densities using Phase 1D-D1 axisymmetric disk-gravity calculation. Fig. 12 corrected sanity check status: PASS_WITH_CAVEAT; stellar disk offset ~7-10 km/s at some spot-check radii. Fig. 12 digitization is not used as canonical data. Bulge set to zero following Corbelli et al. 2014 no-separate-bulge treatment.,positive,1688.680645630215,6581.413071142503,6180.571163006587,78.6166086969324,101.5,0.0,False,1.0,0.0
M33,4.15,7072.832906644617,1704.2970859384618,positive,1541.8573530396925,77.30599379870853,False,corbelli_et_al_2014,derived_baryonic_velocity_pass_with_caveat,Observed rotation from Corbelli et al. 2014 Table 1. Baryonic velocity components derived from Table 1 surface densities using Phase 1D-D1 axisymmetric disk-gravity calculation. Fig. 12 corrected sanity check status: PASS_WITH_CAVEAT; stellar disk offset ~7-10 km/s at some spot-check radii. Fig. 12 digitization is not used as canonical data. Bulge set to zero following Corbelli et al. 2014 no-separate-bulge treatment.,106.3,2.8,65.01428376407281,M33,corbelli_et_al_2014,derived_baryonic_velocity_pass_with_caveat,Observed rotation from Corbelli et al. 2014 Table 1. Baryonic velocity components derived from Table 1 surface densities using Phase 1D-D1 axisymmetric disk-gravity calculation. Fig. 12 corrected sanity check status: PASS_WITH_CAVEAT; stellar disk offset ~7-10 km/s at some spot-check radii. Fig. 12 digitization is not used as canonical data. Bulge set to zero following Corbelli et al. 2014 no-separate-bulge treatment.,positive,1704.2970859384618,7412.692615376829,7072.832906644617,84.10013618683752,106.3,0.0,False,1.0,0.0
M33,4.64,7691.591368985487,1657.6705536606655,positive,490.4623370656937,2042.5218178325692,False,corbelli_et_al_2014,derived_baryonic_velocity_pass_with_caveat,Observed rotation from Corbelli et al. 2014 Table 1. Baryonic velocity components derived from Table 1 surface densities using Phase 1D-D1 axisymmetric disk-gravity calculation. Fig. 12 corrected sanity check status: PASS_WITH_CAVEAT; stellar disk offset ~7-10 km/s at some spot-check radii. Fig. 12 digitization is not used as canonical data. Bulge set to zero following Corbelli et al. 2014 no-separate-bulge treatment.,109.4,1.4,65.39700781392459,M33,corbelli_et_al_2014,derived_baryonic_velocity_pass_with_caveat,Observed rotation from Corbelli et al. 2014 Table 1. Baryonic velocity components derived from Table 1 surface densities using Phase 1D-D1 axisymmetric disk-gravity calculation. Fig. 12 corrected sanity check status: PASS_WITH_CAVEAT; stellar disk offset ~7-10 km/s at some spot-check radii. Fig. 12 digitization is not used as canonical data. Bulge set to zero following Corbelli et al. 2014 no-separate-bulge treatment.,positive,1657.6705536606655,8236.374687078614,7691.591368985488,87.70171816438653,109.4,0.0,False,1.0,0.0
M33,5.13,7553.485996968994,1472.4144243604278,positive,-459.8140284362243,613.3499650167925,False,corbelli_et_al_2014,derived_baryonic_velocity_pass_with_caveat,Observed rotation from Corbelli et al. 2014 Table 1. Baryonic velocity components derived from Table 1 surface densities using Phase 1D-D1 axisymmetric disk-gravity calculation. Fig. 12 corrected sanity check status: PASS_WITH_CAVEAT; stellar disk offset ~7-10 km/s at some spot-check radii. Fig. 12 digitization is not used as canonical data. Bulge set to zero following Corbelli et al. 2014 no-separate-bulge treatment.,108.8,1.6,65.45192130893489,M33,corbelli_et_al_2014,derived_baryonic_velocity_pass_with_caveat,Observed rotation from Corbelli et al. 2014 Table 1. Baryonic velocity components derived from Table 1 surface densities using Phase 1D-D1 axisymmetric disk-gravity calculation. Fig. 12 corrected sanity check status: PASS_WITH_CAVEAT; stellar disk offset ~7-10 km/s at some spot-check radii. Fig. 12 digitization is not used as canonical data. Bulge set to zero following Corbelli et al. 2014 no-separate-bulge treatment.,positive,1472.4144243604278,9003.245506693782,7553.485996968994,86.91079332838352,108.8,0.0,False,1.0,0.0
M33,5.62,7240.973621117987,1288.4294699498198,positive,-110.62062865076314,1052.2082340385375,False,corbelli_et_al_2014,derived_baryonic_velocity_pass_with_caveat,Observed rotation from Corbelli et al. 2014 Table 1. Baryonic velocity components derived from Table 1 surface densities using Phase 1D-D1 axisymmetric disk-gravity calculation. Fig. 12 corrected sanity check status: PASS_WITH_CAVEAT; stellar disk offset ~7-10 km/s at some spot-check radii. Fig. 12 digitization is not used as canonical data. Bulge set to zero following Corbelli et al. 2014 no-separate-bulge treatment.,107.3,2.7,65.3629587678068,M33,corbelli_et_al_2014,derived_baryonic_velocity_pass_with_caveat,Observed rotation from Corbelli et al. 2014 Table 1. Baryonic velocity components derived from Table 1 surface densities using Phase 1D-D1 axisymmetric disk-gravity calculation. Fig. 12 corrected sanity check status: PASS_WITH_CAVEAT; stellar disk offset ~7-10 km/s at some spot-check radii. Fig. 12 digitization is not used as canonical data. Bulge set to zero following Corbelli et al. 2014 no-separate-bulge treatment.,positive,1288.4294699498198,9679.652260799792,7240.973621117987,85.09391059951345,107.3,0.0,False,1.0,0.0
M33,6.11,7445.077780891247,1218.507001782528,positive,571.350040921543,558.2206441495532,False,corbelli_et_al_2014,derived_baryonic_velocity_pass_with_caveat,Observed rotation from Corbelli et al. 2014 Table 1. Baryonic velocity components derived from Table 1 surface densities using Phase 1D-D1 axisymmetric disk-gravity calculation. Fig. 12 corrected sanity check status: PASS_WITH_CAVEAT; stellar disk offset ~7-10 km/s at some spot-check radii. Fig. 12 digitization is not used as canonical data. Bulge set to zero following Corbelli et al. 2014 no-separate-bulge treatment.,108.2,2.2,65.2852373749897,M33,corbelli_et_al_2014,derived_baryonic_velocity_pass_with_caveat,Observed rotation from Corbelli et al. 2014 Table 1. Baryonic velocity components derived from Table 1 surface densities using Phase 1D-D1 axisymmetric disk-gravity calculation. Fig. 12 corrected sanity check status: PASS_WITH_CAVEAT; stellar disk offset ~7-10 km/s at some spot-check radii. Fig. 12 digitization is not used as canonical data. Bulge set to zero following Corbelli et al. 2014 no-separate-bulge treatment.,positive,1218.507001782528,10293.851696374219,7445.077780891247,86.28486414714487,108.2,0.0,False,1.0,0.0
M33,6.6,7800.8966612211,1181.9540395789545,positive,436.43560261580024,246.87998231393084,False,corbelli_et_al_2014,derived_baryonic_velocity_pass_with_caveat,Observed rotation from Corbelli et al. 2014 Table 1. Baryonic velocity components derived from Table 1 surface densities using Phase 1D-D1 axisymmetric disk-gravity calculation. Fig. 12 corrected sanity check status: PASS_WITH_CAVEAT; stellar disk offset ~7-10 km/s at some spot-check radii. Fig. 12 digitization is not used as canonical data. Bulge set to zero following Corbelli et al. 2014 no-separate-bulge treatment.,109.8,1.6,65.23145973208709,M33,corbelli_et_al_2014,derived_baryonic_velocity_pass_with_caveat,Observed rotation from Corbelli et al. 2014 Table 1. Baryonic velocity components derived from Table 1 surface densities using Phase 1D-D1 axisymmetric disk-gravity calculation. Fig. 12 corrected sanity check status: PASS_WITH_CAVEAT; stellar disk offset ~7-10 km/s at some spot-check radii. Fig. 12 digitization is not used as canonical data. Bulge set to zero following Corbelli et al. 2014 no-separate-bulge treatment.,positive,1181.9540395789545,10881.96465150778,7800.8966612211,88.32268486193736,109.8,0.0,False,1.0,0.0
M33,7.09,7872.784671454729,1110.4068648032055,positive,329.407658253891,351.5454309437219,False,corbelli_et_al_2014,derived_baryonic_velocity_pass_with_caveat,Observed rotation from Corbelli et al. 2014 Table 1. Baryonic velocity components derived from Table 1 surface densities using Phase 1D-D1 axisymmetric disk-gravity calculation. Fig. 12 corrected sanity check status: PASS_WITH_CAVEAT; stellar disk offset ~7-10 km/s at some spot-check radii. Fig. 12 digitization is not used as canonical data. Bulge set to zero following Corbelli et al. 2014 no-separate-bulge treatment.,110.1,1.7,65.18608232241964,M33,corbelli_et_al_2014,derived_baryonic_velocity_pass_with_caveat,Observed rotation from Corbelli et al. 2014 Table 1. Baryonic velocity components derived from Table 1 surface densities using Phase 1D-D1 axisymmetric disk-gravity calculation. Fig. 12 corrected sanity check status: PASS_WITH_CAVEAT; stellar disk offset ~7-10 km/s at some spot-check radii. Fig. 12 digitization is not used as canonical data. Bulge set to zero following Corbelli et al. 2014 no-separate-bulge treatment.,positive,1110.4068648032057,11443.593073081409,7872.784671454729,88.72871390623628,110.1,0.0,False,1.0,0.0
M33,7.57,8116.805426252097,1072.2332135075426,positive,766.1515948561755,556.0661811114431,False,corbelli_et_al_2014,derived_baryonic_velocity_pass_with_caveat,Observed rotation from Corbelli et al. 2014 Table 1. Baryonic velocity components derived from Table 1 surface densities using Phase 1D-D1 axisymmetric disk-gravity calculation. Fig. 12 corrected sanity check status: PASS_WITH_CAVEAT; stellar disk offset ~7-10 km/s at some spot-check radii. Fig. 12 digitization is not used as canonical data. Bulge set to zero following Corbelli et al. 2014 no-separate-bulge treatment.,111.1,1.6,65.0108035156304,M33,corbelli_et_al_2014,derived_baryonic_velocity_pass_with_caveat,Observed rotation from Corbelli et al. 2014 Table 1. Baryonic velocity components derived from Table 1 surface densities using Phase 1D-D1 axisymmetric disk-gravity calculation. Fig. 12 corrected sanity check status: PASS_WITH_CAVEAT; stellar disk offset ~7-10 km/s at some spot-check radii. Fig. 12 digitization is not used as canonical data. Bulge set to zero following Corbelli et al. 2014 no-separate-bulge treatment.,positive,1072.2332135075426,11967.42669187599,8116.805426252097,90.09331510302026,111.1,0.0,False,1.0,0.0
M33,8.06,8621.160922042109,1069.622943181403,positive,861.6418016499283,32.50492796885692,False,corbelli_et_al_2014,derived_baryonic_velocity_pass_with_caveat,Observed rotation from Corbelli et al. 2014 Table 1. Baryonic velocity components derived from Table 1 surface densities using Phase 1D-D1 axisymmetric disk-gravity calculation. Fig. 12 corrected sanity check status: PASS_WITH_CAVEAT; stellar disk offset ~7-10 km/s at some spot-check radii. Fig. 12 digitization is not used as canonical data. Bulge set to zero following Corbelli et al. 2014 no-separate-bulge treatment.,113.0,2.6,64.40371944195374,M33,corbelli_et_al_2014,derived_baryonic_velocity_pass_with_caveat,Observed rotation from Corbelli et al. 2014 Table 1. Baryonic velocity components derived from Table 1 surface densities using Phase 1D-D1 axisymmetric disk-gravity calculation. Fig. 12 corrected sanity check status: PASS_WITH_CAVEAT; stellar disk offset ~7-10 km/s at some spot-check radii. Fig. 12 digitization is not used as canonical data. Bulge set to zero following Corbelli et al. 2014 no-separate-bulge treatment.,positive,1069.622943181403,12492.181450264781,8621.160922042107,92.85020690360419,112.99999999999999,-1.4210854715202004e-14,False,1.0,0.0
M33,8.55,8961.214391869027,1048.0952505109972,positive,798.0064242656554,68.4954925598364,False,corbelli_et_al_2014,derived_baryonic_velocity_pass_with_caveat,Observed rotation from Corbelli et al. 2014 Table 1. Baryonic velocity components derived from Table 1 surface densities using Phase 1D-D1 axisymmetric disk-gravity calculation. Fig. 12 corrected sanity check status: PASS_WITH_CAVEAT; stellar disk offset ~7-10 km/s at some spot-check radii. Fig. 12 digitization is not used as canonical data. Bulge set to zero following Corbelli et al. 2014 no-separate-bulge treatment.,113.9,2.4,63.340315819633965,M33,corbelli_et_al_2014,derived_baryonic_velocity_pass_with_caveat,Observed rotation from Corbelli et al. 2014 Table 1. Baryonic velocity components derived from Table 1 surface densities using Phase 1D-D1 axisymmetric disk-gravity calculation. Fig. 12 corrected sanity check status: PASS_WITH_CAVEAT; stellar disk offset ~7-10 km/s at some spot-check radii. Fig. 12 digitization is not used as canonical data. Bulge set to zero following Corbelli et al. 2014 no-separate-bulge treatment.,positive,1048.0952505109972,13011.02240771942,8961.214391869027,94.66369099009941,113.89999999999999,-1.4210854715202004e-14,False,1.0,0.0
M33,9.04,9403.207217822448,1040.1777895821292,positive,928.7673843585673,566.7770067632674,False,corbelli_et_al_2014,derived_baryonic_velocity_pass_with_caveat,Observed rotation from Corbelli et al. 2014 Table 1. Baryonic velocity components derived from Table 1 surface densities using Phase 1D-D1 axisymmetric disk-gravity calculation. Fig. 12 corrected sanity check status: PASS_WITH_CAVEAT; stellar disk offset ~7-10 km/s at some spot-check radii. Fig. 12 digitization is not used as canonical data. Bulge set to zero following Corbelli et al. 2014 no-separate-bulge treatment.,115.1,3.2,62.0064737118436,M33,corbelli_et_al_2014,derived_baryonic_velocity_pass_with_caveat,Observed rotation from Corbelli et al. 2014 Table 1. Baryonic velocity components derived from Table 1 surface densities using Phase 1D-D1 axisymmetric disk-gravity calculation. Fig. 12 corrected sanity check status: PASS_WITH_CAVEAT; stellar disk offset ~7-10 km/s at some spot-check radii. Fig. 12 digitization is not used as canonical data. Bulge set to zero following Corbelli et al. 2014 no-separate-bulge treatment.,positive,1040.1777895821292,13522.649302542233,9403.207217822448,96.97013570075298,115.1,0.0,False,1.0,0.0
M33,9.53,9871.406428540424,1035.824389143801,positive,1353.447890893658,612.4510155551654,False,corbelli_et_al_2014,derived_baryonic_velocity_pass_with_caveat,Observed rotation from Corbelli et al. 2014 Table 1. Baryonic velocity components derived from Table 1 surface densities using Phase 1D-D1 axisymmetric disk-gravity calculation. Fig. 12 corrected sanity check status: PASS_WITH_CAVEAT; stellar disk offset ~7-10 km/s at some spot-check radii. Fig. 12 digitization is not used as canonical data. Bulge set to zero following Corbelli et al. 2014 no-separate-bulge treatment.,116.3,3.1,60.45067056253037,M33,corbelli_et_al_2014,derived_baryonic_velocity_pass_with_caveat,Observed rotation from Corbelli et al. 2014 Table 1. Baryonic velocity components derived from Table 1 surface densities using Phase 1D-D1 axisymmetric disk-gravity calculation. Fig. 12 corrected sanity check status: PASS_WITH_CAVEAT; stellar disk offset ~7-10 km/s at some spot-check radii. Fig. 12 digitization is not used as canonical data. Bulge set to zero following Corbelli et al. 2014 no-separate-bulge treatment.,positive,1035.824389143801,14031.269836330086,9871.406428540422,99.35495170619541,116.3,0.0,False,1.0,0.0
M33,10.02,10729.586150898234,1070.8169811275684,positive,1528.9693796026295,424.01734808203446,False,corbelli_et_al_2014,derived_baryonic_velocity_pass_with_caveat,Observed rotation from Corbelli et al. 2014 Table 1. Baryonic velocity components derived from Table 1 surface densities using Phase 1D-D1 axisymmetric disk-gravity calculation. Fig. 12 corrected sanity check status: PASS_WITH_CAVEAT; stellar disk offset ~7-10 km/s at some spot-check radii. Fig. 12 digitization is not used as canonical data. Bulge set to zero following Corbelli et al. 2014 no-separate-bulge treatment.,119.1,2.7,58.78115215867894,M33,corbelli_et_al_2014,derived_baryonic_velocity_pass_with_caveat,Observed rotation from Corbelli et al. 2014 Table 1. Baryonic velocity components derived from Table 1 surface densities using Phase 1D-D1 axisymmetric disk-gravity calculation. Fig. 12 corrected sanity check status: PASS_WITH_CAVEAT; stellar disk offset ~7-10 km/s at some spot-check radii. Fig. 12 digitization is not used as canonical data. Bulge set to zero following Corbelli et al. 2014 no-separate-bulge treatment.,positive,1070.8169811275684,14547.396972046572,10729.586150898234,103.58371566466533,119.10000000000001,1.4210854715202004e-14,False,1.0,0.0
M33,10.51,11369.796420551002,1081.8074615176977,positive,937.910889773264,1872.6430637529993,False,corbelli_et_al_2014,derived_baryonic_velocity_pass_with_caveat,Observed rotation from Corbelli et al. 2014 Table 1. Baryonic velocity components derived from Table 1 surface densities using Phase 1D-D1 axisymmetric disk-gravity calculation. Fig. 12 corrected sanity check status: PASS_WITH_CAVEAT; stellar disk offset ~7-10 km/s at some spot-check radii. Fig. 12 digitization is not used as canonical data. Bulge set to zero following Corbelli et al. 2014 no-separate-bulge treatment.,121.0,2.7,57.19443661274231,M33,corbelli_et_al_2014,derived_baryonic_velocity_pass_with_caveat,Observed rotation from Corbelli et al. 2014 Table 1. Baryonic velocity components derived from Table 1 surface densities using Phase 1D-D1 axisymmetric disk-gravity calculation. Fig. 12 corrected sanity check status: PASS_WITH_CAVEAT; stellar disk offset ~7-10 km/s at some spot-check radii. Fig. 12 digitization is not used as canonical data. Bulge set to zero following Corbelli et al. 2014 no-separate-bulge treatment.,positive,1081.8074615176977,15074.789960494661,11369.796420551002,106.62924749125355,121.0,0.0,False,1.0,0.0
M33,10.99,11646.657294805207,1059.750436288008,positive,-274.302367536935,1428.5841057738494,False,corbelli_et_al_2014,derived_baryonic_velocity_pass_with_caveat,Observed rotation from Corbelli et al. 2014 Table 1. Baryonic velocity components derived from Table 1 surface densities using Phase 1D-D1 axisymmetric disk-gravity calculation. Fig. 12 corrected sanity check status: PASS_WITH_CAVEAT; stellar disk offset ~7-10 km/s at some spot-check radii. Fig. 12 digitization is not used as canonical data. Bulge set to zero following Corbelli et al. 2014 no-separate-bulge treatment.,121.5,2.1,55.81749461588896,M33,corbelli_et_al_2014,derived_baryonic_velocity_pass_with_caveat,Observed rotation from Corbelli et al. 2014 Table 1. Baryonic velocity components derived from Table 1 surface densities using Phase 1D-D1 axisymmetric disk-gravity calculation. Fig. 12 corrected sanity check status: PASS_WITH_CAVEAT; stellar disk offset ~7-10 km/s at some spot-check radii. Fig. 12 digitization is not used as canonical data. Bulge set to zero following Corbelli et al. 2014 no-separate-bulge treatment.,positive,1059.750436288008,15588.76385596803,11646.657294805207,107.91967983090576,121.5,0.0,False,1.0,0.0
M33,11.48,11086.523895292265,965.725077987131,positive,-425.64997668402975,174.10193651581272,False,corbelli_et_al_2014,derived_baryonic_velocity_pass_with_caveat,Observed rotation from Corbelli et al. 2014 Table 1. Baryonic velocity components derived from Table 1 surface densities using Phase 1D-D1 axisymmetric disk-gravity calculation. Fig. 12 corrected sanity check status: PASS_WITH_CAVEAT; stellar disk offset ~7-10 km/s at some spot-check radii. Fig. 12 digitization is not used as canonical data. Bulge set to zero following Corbelli et al. 2014 no-separate-bulge treatment.,118.6,2.0,54.58421113021362,M33,corbelli_et_al_2014,derived_baryonic_velocity_pass_with_caveat,Observed rotation from Corbelli et al. 2014 Table 1. Baryonic velocity components derived from Table 1 surface densities using Phase 1D-D1 axisymmetric disk-gravity calculation. Fig. 12 corrected sanity check status: PASS_WITH_CAVEAT; stellar disk offset ~7-10 km/s at some spot-check radii. Fig. 12 digitization is not used as canonical data. Bulge set to zero following Corbelli et al. 2014 no-separate-bulge treatment.,positive,965.725077987131,16085.005356965441,11086.523895292265,105.2925633427749,118.60000000000001,1.4210854715202004e-14,False,1.0,0.0
M33,11.97,11229.520317654858,938.138706570999,positive,-103.68246975143848,42.71124950696225,False,corbelli_et_al_2014,derived_baryonic_velocity_pass_with_caveat,Observed rotation from Corbelli et al. 2014 Table 1. Baryonic velocity components derived from Table 1 surface densities using Phase 1D-D1 axisymmetric disk-gravity calculation. Fig. 12 corrected sanity check status: PASS_WITH_CAVEAT; stellar disk offset ~7-10 km/s at some spot-check radii. Fig. 12 digitization is not used as canonical data. Bulge set to zero following Corbelli et al. 2014 no-separate-bulge treatment.,118.7,1.9,53.48055424493226,M33,corbelli_et_al_2014,derived_baryonic_velocity_pass_with_caveat,Observed rotation from Corbelli et al. 2014 Table 1. Baryonic velocity components derived from Table 1 surface densities using Phase 1D-D1 axisymmetric disk-gravity calculation. Fig. 12 corrected sanity check status: PASS_WITH_CAVEAT; stellar disk offset ~7-10 km/s at some spot-check radii. Fig. 12 digitization is not used as canonical data. Bulge set to zero following Corbelli et al. 2014 no-separate-bulge treatment.,positive,938.138706570999,16551.451984182182,11229.520317654858,105.96943105280343,118.7,0.0,False,1.0,0.0
M33,12.46,10984.915074935856,881.6143719852212,positive,-383.7929521672067,580.6685685498686,False,corbelli_et_al_2014,derived_baryonic_velocity_pass_with_caveat,Observed rotation from Corbelli et al. 2014 Table 1. Baryonic velocity components derived from Table 1 surface densities using Phase 1D-D1 axisymmetric disk-gravity calculation. Fig. 12 corrected sanity check status: PASS_WITH_CAVEAT; stellar disk offset ~7-10 km/s at some spot-check radii. Fig. 12 digitization is not used as canonical data. Bulge set to zero following Corbelli et al. 2014 no-separate-bulge treatment.,117.2,1.9,52.449260481575365,M33,corbelli_et_al_2014,derived_baryonic_velocity_pass_with_caveat,Observed rotation from Corbelli et al. 2014 Table 1. Baryonic velocity components derived from Table 1 surface densities using Phase 1D-D1 axisymmetric disk-gravity calculation. Fig. 12 corrected sanity check status: PASS_WITH_CAVEAT; stellar disk offset ~7-10 km/s at some spot-check radii. Fig. 12 digitization is not used as canonical data. Bulge set to zero following Corbelli et al. 2014 no-separate-bulge treatment.,positive,881.6143719852212,16997.291488428455,10984.915074935856,104.80894558641383,117.2,0.0,False,1.0,0.0
M33,12.95,10853.403224530995,838.1006350989186,positive,465.3727274274279,1267.5966500526145,False,corbelli_et_al_2014,derived_baryonic_velocity_pass_with_caveat,Observed rotation from Corbelli et al. 2014 Table 1. Baryonic velocity components derived from Table 1 surface densities using Phase 1D-D1 axisymmetric disk-gravity calculation. Fig. 12 corrected sanity check status: PASS_WITH_CAVEAT; stellar disk offset ~7-10 km/s at some spot-check radii. Fig. 12 digitization is not used as canonical data. Bulge set to zero following Corbelli et al. 2014 no-separate-bulge treatment.,116.2,2.0,51.46879419093675,M33,corbelli_et_al_2014,derived_baryonic_velocity_pass_with_caveat,Observed rotation from Corbelli et al. 2014 Table 1. Baryonic velocity components derived from Table 1 surface densities using Phase 1D-D1 axisymmetric disk-gravity calculation. Fig. 12 corrected sanity check status: PASS_WITH_CAVEAT; stellar disk offset ~7-10 km/s at some spot-check radii. Fig. 12 digitization is not used as canonical data. Bulge set to zero following Corbelli et al. 2014 no-separate-bulge treatment.,positive,838.1006350989186,17418.621665164068,10853.403224530995,104.17966799971573,116.19999999999999,-1.4210854715202004e-14,False,1.0,0.0
M33,13.44,11440.98034781474,851.2634187362158,positive,858.4517648843521,461.9711103458752,False,corbelli_et_al_2014,derived_baryonic_velocity_pass_with_caveat,Observed rotation from Corbelli et al. 2014 Table 1. Baryonic velocity components derived from Table 1 surface densities using Phase 1D-D1 axisymmetric disk-gravity calculation. Fig. 12 corrected sanity check status: PASS_WITH_CAVEAT; stellar disk offset ~7-10 km/s at some spot-check radii. Fig. 12 digitization is not used as canonical data. Bulge set to zero following Corbelli et al. 2014 no-separate-bulge treatment.,118.3,2.4,50.53622119020434,M33,corbelli_et_al_2014,derived_baryonic_velocity_pass_with_caveat,Observed rotation from Corbelli et al. 2014 Table 1. Baryonic velocity components derived from Table 1 surface densities using Phase 1D-D1 axisymmetric disk-gravity calculation. Fig. 12 corrected sanity check status: PASS_WITH_CAVEAT; stellar disk offset ~7-10 km/s at some spot-check radii. Fig. 12 digitization is not used as canonical data. Bulge set to zero following Corbelli et al. 2014 no-separate-bulge treatment.,positive,851.2634187362158,17832.515858353676,11440.98034781474,106.96251842498259,118.3,0.0,False,1.0,0.0
M33,13.93,11694.68595411766,839.5323728727682,positive,918.1044155663858,110.95376161518232,False,corbelli_et_al_2014,derived_baryonic_velocity_pass_with_caveat,Observed rotation from Corbelli et al. 2014 Table 1. Baryonic velocity components derived from Table 1 surface densities using Phase 1D-D1 axisymmetric disk-gravity calculation. Fig. 12 corrected sanity check status: PASS_WITH_CAVEAT; stellar disk offset ~7-10 km/s at some spot-check radii. Fig. 12 digitization is not used as canonical data. Bulge set to zero following Corbelli et al. 2014 no-separate-bulge treatment.,119.0,2.4,49.66199800533945,M33,corbelli_et_al_2014,derived_baryonic_velocity_pass_with_caveat,Observed rotation from Corbelli et al. 2014 Table 1. Baryonic velocity components derived from Table 1 surface densities using Phase 1D-D1 axisymmetric disk-gravity calculation. Fig. 12 corrected sanity check status: PASS_WITH_CAVEAT; stellar disk offset ~7-10 km/s at some spot-check radii. Fig. 12 digitization is not used as canonical data. Bulge set to zero following Corbelli et al. 2014 no-separate-bulge treatment.,positive,839.5323728727682,18246.760827297876,11694.68595411766,108.14197128829149,119.0,0.0,False,1.0,0.0
M33,14.41,12323.616575078868,855.2128088187972,positive,755.433004874696,1046.187731895356,False,corbelli_et_al_2014,derived_baryonic_velocity_pass_with_caveat,Observed rotation from Corbelli et al. 2014 Table 1. Baryonic velocity components derived from Table 1 surface densities using Phase 1D-D1 axisymmetric disk-gravity calculation. Fig. 12 corrected sanity check status: PASS_WITH_CAVEAT; stellar disk offset ~7-10 km/s at some spot-check radii. Fig. 12 digitization is not used as canonical data. Bulge set to zero following Corbelli et al. 2014 no-separate-bulge treatment.,121.3,2.9,48.88837719664186,M33,corbelli_et_al_2014,derived_baryonic_velocity_pass_with_caveat,Observed rotation from Corbelli et al. 2014 Table 1. Baryonic velocity components derived from Table 1 surface densities using Phase 1D-D1 axisymmetric disk-gravity calculation. Fig. 12 corrected sanity check status: PASS_WITH_CAVEAT; stellar disk offset ~7-10 km/s at some spot-check radii. Fig. 12 digitization is not used as canonical data. Bulge set to zero following Corbelli et al. 2014 no-separate-bulge treatment.,positive,855.2128088187972,18653.499670903853,12323.616575078868,111.01178574853603,121.3,0.0,False,1.0,0.0
M33,14.9,12416.24359491978,833.3049392563611,positive,-110.99081543111788,510.6028000662744,False,corbelli_et_al_2014,derived_baryonic_velocity_pass_with_caveat,Observed rotation from Corbelli et al. 2014 Table 1. Baryonic velocity components derived from Table 1 surface densities using Phase 1D-D1 axisymmetric disk-gravity calculation. Fig. 12 corrected sanity check status: PASS_WITH_CAVEAT; stellar disk offset ~7-10 km/s at some spot-check radii. Fig. 12 digitization is not used as canonical data. Bulge set to zero following Corbelli et al. 2014 no-separate-bulge treatment.,121.4,3.7,48.184192481354536,M33,corbelli_et_al_2014,derived_baryonic_velocity_pass_with_caveat,Observed rotation from Corbelli et al. 2014 Table 1. Baryonic velocity components derived from Table 1 surface densities using Phase 1D-D1 axisymmetric disk-gravity calculation. Fig. 12 corrected sanity check status: PASS_WITH_CAVEAT; stellar disk offset ~7-10 km/s at some spot-check radii. Fig. 12 digitization is not used as canonical data. Bulge set to zero following Corbelli et al. 2014 no-separate-bulge treatment.,positive,833.3049392563611,19067.18651918227,12416.24359491978,111.428199280612,121.4,0.0,False,1.0,0.0
M33,15.39,12214.845575956371,793.6871719269897,positive,255.04226080974695,1782.8915884676155,False,corbelli_et_al_2014,derived_baryonic_velocity_pass_with_caveat,Observed rotation from Corbelli et al. 2014 Table 1. Baryonic velocity components derived from Table 1 surface densities using Phase 1D-D1 axisymmetric disk-gravity calculation. Fig. 12 corrected sanity check status: PASS_WITH_CAVEAT; stellar disk offset ~7-10 km/s at some spot-check radii. Fig. 12 digitization is not used as canonical data. Bulge set to zero following Corbelli et al. 2014 no-separate-bulge treatment.,120.3,3.4,47.510466468385985,M33,corbelli_et_al_2014,derived_baryonic_velocity_pass_with_caveat,Observed rotation from Corbelli et al. 2014 Table 1. Baryonic velocity components derived from Table 1 surface densities using Phase 1D-D1 axisymmetric disk-gravity calculation. Fig. 12 corrected sanity check status: PASS_WITH_CAVEAT; stellar disk offset ~7-10 km/s at some spot-check radii. Fig. 12 digitization is not used as canonical data. Bulge set to zero following Corbelli et al. 2014 no-separate-bulge treatment.,positive,793.6871719269897,19465.79958642219,12214.845575956371,110.52079250510454,120.3,0.0,False,1.0,0.0
M33,15.88,12666.185010513333,797.6187034328294,positive,1636.2429412671463,997.340677787722,False,corbelli_et_al_2014,derived_baryonic_velocity_pass_with_caveat,Observed rotation from Corbelli et al. 2014 Table 1. Baryonic velocity components derived from Table 1 surface densities using Phase 1D-D1 axisymmetric disk-gravity calculation. Fig. 12 corrected sanity check status: PASS_WITH_CAVEAT; stellar disk offset ~7-10 km/s at some spot-check radii. Fig. 12 digitization is not used as canonical data. Bulge set to zero following Corbelli et al. 2014 no-separate-bulge treatment.,121.9,4.2,46.83401530390778,M33,corbelli_et_al_2014,derived_baryonic_velocity_pass_with_caveat,Observed rotation from Corbelli et al. 2014 Table 1. Baryonic velocity components derived from Table 1 surface densities using Phase 1D-D1 axisymmetric disk-gravity calculation. Fig. 12 corrected sanity check status: PASS_WITH_CAVEAT; stellar disk offset ~7-10 km/s at some spot-check radii. Fig. 12 digitization is not used as canonical data. Bulge set to zero following Corbelli et al. 2014 no-separate-bulge treatment.,positive,797.6187034328294,19855.669525885343,12666.185010513333,112.5441469402711,121.9,0.0,False,1.0,0.0
M33,16.37,13818.363658398175,844.1272851800961,positive,1232.436125041715,1317.1806880068546,False,corbelli_et_al_2014,derived_baryonic_velocity_pass_with_caveat,Observed rotation from Corbelli et al. 2014 Table 1. Baryonic velocity components derived from Table 1 surface densities using Phase 1D-D1 axisymmetric disk-gravity calculation. Fig. 12 corrected sanity check status: PASS_WITH_CAVEAT; stellar disk offset ~7-10 km/s at some spot-check radii. Fig. 12 digitization is not used as canonical data. Bulge set to zero following Corbelli et al. 2014 no-separate-bulge treatment.,126.3,7.2,46.18794584739424,M33,corbelli_et_al_2014,derived_baryonic_velocity_pass_with_caveat,Observed rotation from Corbelli et al. 2014 Table 1. Baryonic velocity components derived from Table 1 surface densities using Phase 1D-D1 axisymmetric disk-gravity calculation. Fig. 12 corrected sanity check status: PASS_WITH_CAVEAT; stellar disk offset ~7-10 km/s at some spot-check radii. Fig. 12 digitization is not used as canonical data. Bulge set to zero following Corbelli et al. 2014 no-separate-bulge treatment.,positive,844.1272851800961,20257.89729309551,13818.363658398175,117.5515361805118,126.3,0.0,False,1.0,0.0
M33,16.86,13873.972413054214,822.8927884373793,positive,345.4058670204322,1169.9336476785777,False,corbelli_et_al_2014,derived_baryonic_velocity_pass_with_caveat,Observed rotation from Corbelli et al. 2014 Table 1. Baryonic velocity components derived from Table 1 surface densities using Phase 1D-D1 axisymmetric disk-gravity calculation. Fig. 12 corrected sanity check status: PASS_WITH_CAVEAT; stellar disk offset ~7-10 km/s at some spot-check radii. Fig. 12 digitization is not used as canonical data. Bulge set to zero following Corbelli et al. 2014 no-separate-bulge treatment.,126.3,4.5,45.58198752737516,M33,corbelli_et_al_2014,derived_baryonic_velocity_pass_with_caveat,Observed rotation from Corbelli et al. 2014 Table 1. Baryonic velocity components derived from Table 1 surface densities using Phase 1D-D1 axisymmetric disk-gravity calculation. Fig. 12 corrected sanity check status: PASS_WITH_CAVEAT; stellar disk offset ~7-10 km/s at some spot-check radii. Fig. 12 digitization is not used as canonical data. Bulge set to zero following Corbelli et al. 2014 no-separate-bulge treatment.,positive,822.8927884373793,20666.31721113179,13873.972413054214,117.78782794947114,126.3,0.0,False,1.0,0.0
M33,17.35,14156.8614080782,815.957429860415,positive,85.90115031671303,1038.9727630901425,False,corbelli_et_al_2014,derived_baryonic_velocity_pass_with_caveat,Observed rotation from Corbelli et al. 2014 Table 1. Baryonic velocity components derived from Table 1 surface densities using Phase 1D-D1 axisymmetric disk-gravity calculation. Fig. 12 corrected sanity check status: PASS_WITH_CAVEAT; stellar disk offset ~7-10 km/s at some spot-check radii. Fig. 12 digitization is not used as canonical data. Bulge set to zero following Corbelli et al. 2014 no-separate-bulge treatment.,127.2,5.5,44.97753430238034,M33,corbelli_et_al_2014,derived_baryonic_velocity_pass_with_caveat,Observed rotation from Corbelli et al. 2014 Table 1. Baryonic velocity components derived from Table 1 surface densities using Phase 1D-D1 axisymmetric disk-gravity calculation. Fig. 12 corrected sanity check status: PASS_WITH_CAVEAT; stellar disk offset ~7-10 km/s at some spot-check radii. Fig. 12 digitization is not used as canonical data. Bulge set to zero following Corbelli et al. 2014 no-separate-bulge treatment.,positive,815.957429860415,21067.83551461475,14156.8614080782,118.98260968762705,127.2,0.0,False,1.0,0.0
M33,17.84,13958.155540364594,782.4078217693159,positive,-672.7874408079042,298.3434078686601,False,corbelli_et_al_2014,derived_baryonic_velocity_pass_with_caveat,Observed rotation from Corbelli et al. 2014 Table 1. Baryonic velocity components derived from Table 1 surface densities using Phase 1D-D1 axisymmetric disk-gravity calculation. Fig. 12 corrected sanity check status: PASS_WITH_CAVEAT; stellar disk offset ~7-10 km/s at some spot-check radii. Fig. 12 digitization is not used as canonical data. Bulge set to zero following Corbelli et al. 2014 no-separate-bulge treatment.,126.2,4.7,44.36535201748551,M33,corbelli_et_al_2014,derived_baryonic_velocity_pass_with_caveat,Observed rotation from Corbelli et al. 2014 Table 1. Baryonic velocity components derived from Table 1 surface densities using Phase 1D-D1 axisymmetric disk-gravity calculation. Fig. 12 corrected sanity check status: PASS_WITH_CAVEAT; stellar disk offset ~7-10 km/s at some spot-check radii. Fig. 12 digitization is not used as canonical data. Bulge set to zero following Corbelli et al. 2014 no-separate-bulge treatment.,positive,782.4078217693159,21459.435001264035,13958.155540364596,118.14463822097301,126.2,0.0,False,1.0,0.0
M33,18.32,13509.548351799564,737.4207615611116,positive,338.73738151571524,192.7078781218097,False,corbelli_et_al_2014,derived_baryonic_velocity_pass_with_caveat,Observed rotation from Corbelli et al. 2014 Table 1. Baryonic velocity components derived from Table 1 surface densities using Phase 1D-D1 axisymmetric disk-gravity calculation. Fig. 12 corrected sanity check status: PASS_WITH_CAVEAT; stellar disk offset ~7-10 km/s at some spot-check radii. Fig. 12 digitization is not used as canonical data. Bulge set to zero following Corbelli et al. 2014 no-separate-bulge treatment.,124.2,12.2,43.77318412225041,M33,corbelli_et_al_2014,derived_baryonic_velocity_pass_with_caveat,Observed rotation from Corbelli et al. 2014 Table 1. Baryonic velocity components derived from Table 1 surface densities using Phase 1D-D1 axisymmetric disk-gravity calculation. Fig. 12 corrected sanity check status: PASS_WITH_CAVEAT; stellar disk offset ~7-10 km/s at some spot-check radii. Fig. 12 digitization is not used as canonical data. Bulge set to zero following Corbelli et al. 2014 no-separate-bulge treatment.,positive,737.4207615611116,21824.19386126334,13509.548351799565,116.23058268717216,124.2,0.0,False,1.0,0.0
M33,18.81,14312.462792524322,760.896480197997,positive,-906.1942850907126,1667.5562862999216,False,corbelli_et_al_2014,derived_baryonic_velocity_pass_with_caveat,Observed rotation from Corbelli et al. 2014 Table 1. Baryonic velocity components derived from Table 1 surface densities using Phase 1D-D1 axisymmetric disk-gravity calculation. Fig. 12 corrected sanity check status: PASS_WITH_CAVEAT; stellar disk offset ~7-10 km/s at some spot-check radii. Fig. 12 digitization is not used as canonical data. Bulge set to zero following Corbelli et al. 2014 no-separate-bulge treatment.,127.2,13.3,43.21316011906185,M33,corbelli_et_al_2014,derived_baryonic_velocity_pass_with_caveat,Observed rotation from Corbelli et al. 2014 Table 1. Baryonic velocity components derived from Table 1 surface densities using Phase 1D-D1 axisymmetric disk-gravity calculation. Fig. 12 corrected sanity check status: PASS_WITH_CAVEAT; stellar disk offset ~7-10 km/s at some spot-check radii. Fig. 12 digitization is not used as canonical data. Bulge set to zero following Corbelli et al. 2014 no-separate-bulge treatment.,positive,760.896480197997,22191.28158549432,14312.462792524322,119.63470563563202,127.2,0.0,False,1.0,0.0
M33,19.3,12621.477952410649,653.9625882078057,positive,-1295.4677790582027,5209.556347669352,False,corbelli_et_al_2014,derived_baryonic_velocity_pass_with_caveat,Observed rotation from Corbelli et al. 2014 Table 1. Baryonic velocity components derived from Table 1 surface densities using Phase 1D-D1 axisymmetric disk-gravity calculation. Fig. 12 corrected sanity check status: PASS_WITH_CAVEAT; stellar disk offset ~7-10 km/s at some spot-check radii. Fig. 12 digitization is not used as canonical data. Bulge set to zero following Corbelli et al. 2014 no-separate-bulge treatment.,120.2,14.2,42.73829720039572,M33,corbelli_et_al_2014,derived_baryonic_velocity_pass_with_caveat,Observed rotation from Corbelli et al. 2014 Table 1. Baryonic velocity components derived from Table 1 surface densities using Phase 1D-D1 axisymmetric disk-gravity calculation. Fig. 12 corrected sanity check status: PASS_WITH_CAVEAT; stellar disk offset ~7-10 km/s at some spot-check radii. Fig. 12 digitization is not used as canonical data. Bulge set to zero following Corbelli et al. 2014 no-separate-bulge treatment.,positive,653.9625882078057,22537.92205725374,12621.477952410649,112.345351271918,120.2,0.0,False,1.0,0.0
M33,19.79,13042.904369047266,659.0654052070372,positive,4199.170935625212,3085.4755561834686,True,corbelli_et_al_2014,derived_baryonic_velocity_pass_with_caveat,Observed rotation from Corbelli et al. 2014 Table 1. Baryonic velocity components derived from Table 1 surface densities using Phase 1D-D1 axisymmetric disk-gravity calculation. Fig. 12 corrected sanity check status: PASS_WITH_CAVEAT; stellar disk offset ~7-10 km/s at some spot-check radii. Fig. 12 digitization is not used as canonical data. Bulge set to zero following Corbelli et al. 2014 no-separate-bulge treatment.,121.8,13.2,42.33598505943535,M33,corbelli_et_al_2014,derived_baryonic_velocity_pass_with_caveat,Observed rotation from Corbelli et al. 2014 Table 1. Baryonic velocity components derived from Table 1 surface densities using Phase 1D-D1 axisymmetric disk-gravity calculation. Fig. 12 corrected sanity check status: PASS_WITH_CAVEAT; stellar disk offset ~7-10 km/s at some spot-check radii. Fig. 12 digitization is not used as canonical data. Bulge set to zero following Corbelli et al. 2014 no-separate-bulge treatment.,positive,659.0654052070372,22859.613915640377,13042.904369047266,114.20553563224186,121.8,0.0,True,1.0,0.0
M33,20.28,16736.665469323383,825.2793623926717,positive,1728.2982660015405,6570.593209959176,False,corbelli_et_al_2014,derived_baryonic_velocity_pass_with_caveat,Observed rotation from Corbelli et al. 2014 Table 1. Baryonic velocity components derived from Table 1 surface densities using Phase 1D-D1 axisymmetric disk-gravity calculation. Fig. 12 corrected sanity check status: PASS_WITH_CAVEAT; stellar disk offset ~7-10 km/s at some spot-check radii. Fig. 12 digitization is not used as canonical data. Bulge set to zero following Corbelli et al. 2014 no-separate-bulge treatment.,136.0,19.1,41.94442192564604,M33,corbelli_et_al_2014,derived_baryonic_velocity_pass_with_caveat,Observed rotation from Corbelli et al. 2014 Table 1. Baryonic velocity components derived from Table 1 surface densities using Phase 1D-D1 axisymmetric disk-gravity calculation. Fig. 12 corrected sanity check status: PASS_WITH_CAVEAT; stellar disk offset ~7-10 km/s at some spot-check radii. Fig. 12 digitization is not used as canonical data. Bulge set to zero following Corbelli et al. 2014 no-separate-bulge treatment.,positive,825.2793623926717,23223.27838370231,16736.665469323383,129.37026501218656,136.0,0.0,False,1.0,0.0
M33,20.77,14736.636669728818,709.5154872281569,positive,-2240.0104101347733,3870.785419077556,False,corbelli_et_al_2014,derived_baryonic_velocity_pass_with_caveat,Observed rotation from Corbelli et al. 2014 Table 1. Baryonic velocity components derived from Table 1 surface densities using Phase 1D-D1 axisymmetric disk-gravity calculation. Fig. 12 corrected sanity check status: PASS_WITH_CAVEAT; stellar disk offset ~7-10 km/s at some spot-check radii. Fig. 12 digitization is not used as canonical data. Bulge set to zero following Corbelli et al. 2014 no-separate-bulge treatment.,128.3,14.3,41.52412949444198,M33,corbelli_et_al_2014,derived_baryonic_velocity_pass_with_caveat,Observed rotation from Corbelli et al. 2014 Table 1. Baryonic velocity components derived from Table 1 surface densities using Phase 1D-D1 axisymmetric disk-gravity calculation. Fig. 12 corrected sanity check status: PASS_WITH_CAVEAT; stellar disk offset ~7-10 km/s at some spot-check radii. Fig. 12 digitization is not used as canonical data. Bulge set to zero following Corbelli et al. 2014 no-separate-bulge treatment.,positive,709.5154872281569,23599.30312185941,14736.636669728818,121.39454958822829,128.3,0.0,False,1.0,0.0
M33,21.26,14541.455267391317,683.9819034520845,positive,-2065.0714446944367,1534.7642324804433,False,corbelli_et_al_2014,derived_baryonic_velocity_pass_with_caveat,Observed rotation from Corbelli et al. 2014 Table 1. Baryonic velocity components derived from Table 1 surface densities using Phase 1D-D1 axisymmetric disk-gravity calculation. Fig. 12 corrected sanity check status: PASS_WITH_CAVEAT; stellar disk offset ~7-10 km/s at some spot-check radii. Fig. 12 digitization is not used as canonical data. Bulge set to zero following Corbelli et al. 2014 no-separate-bulge treatment.,127.4,15.4,41.101152448668465,M33,corbelli_et_al_2014,derived_baryonic_velocity_pass_with_caveat,Observed rotation from Corbelli et al. 2014 Table 1. Baryonic velocity components derived from Table 1 surface densities using Phase 1D-D1 axisymmetric disk-gravity calculation. Fig. 12 corrected sanity check status: PASS_WITH_CAVEAT; stellar disk offset ~7-10 km/s at some spot-check radii. Fig. 12 digitization is not used as canonical data. Bulge set to zero following Corbelli et al. 2014 no-separate-bulge treatment.,positive,683.9819034520845,23940.70998257607,14541.455267391317,120.58795656031043,127.4,0.0,False,1.0,0.0
M33,21.74,12766.512057979391,587.2360652244431,positive,-3691.282143122037,1951.6881414654624,True,corbelli_et_al_2014,derived_baryonic_velocity_pass_with_caveat,Observed rotation from Corbelli et al. 2014 Table 1. Baryonic velocity components derived from Table 1 surface densities using Phase 1D-D1 axisymmetric disk-gravity calculation. Fig. 12 corrected sanity check status: PASS_WITH_CAVEAT; stellar disk offset ~7-10 km/s at some spot-check radii. Fig. 12 digitization is not used as canonical data. Bulge set to zero following Corbelli et al. 2014 no-separate-bulge treatment.,120.1,13.1,40.712380697038675,M33,corbelli_et_al_2014,derived_baryonic_velocity_pass_with_caveat,Observed rotation from Corbelli et al. 2014 Table 1. Baryonic velocity components derived from Table 1 surface densities using Phase 1D-D1 axisymmetric disk-gravity calculation. Fig. 12 corrected sanity check status: PASS_WITH_CAVEAT; stellar disk offset ~7-10 km/s at some spot-check radii. Fig. 12 digitization is not used as canonical data. Bulge set to zero following Corbelli et al. 2014 no-separate-bulge treatment.,positive,587.2360652244431,24245.802295058435,12766.512057979393,112.98899087070117,120.1,0.0,True,1.0,0.0
M33,22.23,10961.04327030305,493.0743711337404,positive,-64.02898323064983,7395.769750604081,False,corbelli_et_al_2014,derived_baryonic_velocity_pass_with_caveat,Observed rotation from Corbelli et al. 2014 Table 1. Baryonic velocity components derived from Table 1 surface densities using Phase 1D-D1 axisymmetric disk-gravity calculation. Fig. 12 corrected sanity check status: PASS_WITH_CAVEAT; stellar disk offset ~7-10 km/s at some spot-check radii. Fig. 12 digitization is not used as canonical data. Bulge set to zero following Corbelli et al. 2014 no-separate-bulge treatment.,112.2,14.9,40.34596299131986,M33,corbelli_et_al_2014,derived_baryonic_velocity_pass_with_caveat,Observed rotation from Corbelli et al. 2014 Table 1. Baryonic velocity components derived from Table 1 surface densities using Phase 1D-D1 axisymmetric disk-gravity calculation. Fig. 12 corrected sanity check status: PASS_WITH_CAVEAT; stellar disk offset ~7-10 km/s at some spot-check radii. Fig. 12 digitization is not used as canonical data. Bulge set to zero following Corbelli et al. 2014 no-separate-bulge treatment.,positive,493.0743711337404,24510.47835196619,10961.04327030305,104.69500117151271,112.2,0.0,False,1.0,0.0
M33,22.72,12703.763654413327,559.1445270428402,positive,3556.572212469967,7388.982032042099,True,corbelli_et_al_2014,derived_baryonic_velocity_pass_with_caveat,Observed rotation from Corbelli et al. 2014 Table 1. Baryonic velocity components derived from Table 1 surface densities using Phase 1D-D1 axisymmetric disk-gravity calculation. Fig. 12 corrected sanity check status: PASS_WITH_CAVEAT; stellar disk offset ~7-10 km/s at some spot-check radii. Fig. 12 digitization is not used as canonical data. Bulge set to zero following Corbelli et al. 2014 no-separate-bulge treatment.,119.6,13.4,40.00495401305531,M33,corbelli_et_al_2014,derived_baryonic_velocity_pass_with_caveat,Observed rotation from Corbelli et al. 2014 Table 1. Baryonic velocity components derived from Table 1 surface densities using Phase 1D-D1 axisymmetric disk-gravity calculation. Fig. 12 corrected sanity check status: PASS_WITH_CAVEAT; stellar disk offset ~7-10 km/s at some spot-check radii. Fig. 12 digitization is not used as canonical data. Bulge set to zero following Corbelli et al. 2014 no-separate-bulge treatment.,positive,559.1445270428402,24768.27198201945,12703.76365441333,112.71097397508962,119.6,0.0,True,1.0,0.0
